Player,Nation,Pos,Age,MP,Starts,Min,Gls,Ast,PK,CrdY,CrdR,xG,xAG,Team
Rodri,ESP,MF,27,34,34,2931,8,9,0,8,1,4.1,3.9,Manchester-City
Phil Foden,ENG,"FW,MF",23,35,33,2857,19,8,0,2,0,10.3,8.4,Manchester-City
Ederson,BRA,GK,29,33,33,2785,0,0,0,5,0,0,0.1,Manchester-City
Julian Alvarez,ARG,"MF,FW",23,36,31,2647,11,8,2,2,0,13,6.4,Manchester-City
Kyle Walker,ENG,DF,33,32,30,2767,0,4,0,2,0,0.4,2.6,Manchester-City
Bernardo Silva,POR,"MF,FW",28,33,29,2578,6,9,0,8,0,3.7,7.6,Manchester-City
Erling Haaland,NOR,FW,23,31,29,2552,27,5,7,1,0,29.2,4.3,Manchester-City
Ruben Dias,POR,DF,26,30,28,2559,0,0,0,0,0,1.4,0.3,Manchester-City
Manuel Akanji,SUI,"DF,MF",28,30,28,2511,2,0,0,4,1,1.9,0.5,Manchester-City
Josko Gvardiol,CRO,DF,21,28,26,2328,4,1,0,3,0,3.1,1.4,Manchester-City
Nathan Ake,NED,DF,28,29,24,2042,2,2,0,0,0,2.5,1.2,Manchester-City
Jeremy Doku,BEL,"FW,MF",21,29,18,1595,3,8,0,3,0,2.5,4.6,Manchester-City
Mateo Kovacic,CRO,MF,29,30,16,1551,1,0,0,4,0,1.3,1.6,Manchester-City
Kevin De Bruyne,BEL,MF,32,18,15,1221,4,10,0,2,0,2.4,11.5,Manchester-City
John Stones,ENG,"DF,MF",29,16,12,1064,1,0,0,2,0,1,0.2,Manchester-City
Jack Grealish,ENG,"FW,MF",27,20,10,1009,3,1,0,6,0,2.1,2.5,Manchester-City
Rico Lewis,ENG,"DF,MF",18,16,8,809,2,0,0,1,0,0.6,1.1,Manchester-City
Matheus Nunes,POR,MF,24,17,7,661,0,2,0,0,0,0.8,1.1,Manchester-City
Stefan Ortega,GER,GK,30,9,5,635,0,0,0,0,0,0,0,Manchester-City
Oscar Bobb,NOR,"FW,MF",20,14,2,302,1,1,0,0,0,1.4,1.2,Manchester-City
Kalvin Phillips,ENG,MF,27,4,0,93,0,0,0,0,0,0.1,0,Manchester-City
Sergio Gomez,ESP,"FW,MF",22,6,0,53,0,1,0,0,0,0.2,0.2,Manchester-City
Aymeric Laporte,ESP,DF,29,1,0,12,0,0,0,0,0,0,0,Manchester-City
Cole Palmer,ENG,MF,21,1,0,11,0,0,0,0,0,0,0,Manchester-City
James Mcatee,ENG,MF,20,1,0,1,0,0,0,0,0,0,0,Manchester-City
Scott Carson,ENG,GK,37,0,0,0,0,0,0,0,0,0,0,Manchester-City
Micah Hamilton,ENG,MF,19,0,0,0,0,0,0,0,0,0,0,Manchester-City
Maximo Perrone,ARG,MF,20,0,0,0,0,0,0,0,0,0,0,Manchester-City
Mahamadou Susoho,ESP,DF,18,0,0,0,0,0,0,0,0,0,0,Manchester-City
Jacob Wright,ENG,MF,17,0,0,0,0,0,0,0,0,0,0,Manchester-City
William Saliba,FRA,DF,22,38,38,3420,2,1,0,4,0,1.6,0.2,Arsenal
Declan Rice,ENG,MF,24,38,37,3225,7,8,0,5,0,3.3,5.3,Arsenal
Martin Odegaard,NOR,MF,24,35,35,3091,8,10,2,2,0,7.4,9.6,Arsenal
Ben White,ENG,DF,25,37,35,2988,4,4,0,8,0,1.2,3.8,Arsenal
Bukayo Saka,ENG,FW,21,35,35,2919,16,9,6,4,0,15.5,10.5,Arsenal
Gabriel Magalhaes,BRA,DF,25,36,34,3044,4,0,0,4,0,4.3,0.7,Arsenal
David Raya,ESP,GK,27,32,32,2880,0,0,0,2,0,0,0,Arsenal
Kai Havertz,GER,"MF,FW",24,37,30,2634,13,7,1,11,0,12.3,4.4,Arsenal
Gabriel Martinelli,BRA,FW,22,35,24,2019,6,4,0,1,0,6.8,6.1,Arsenal
Oleksandr Zinchenko,UKR,DF,26,27,20,1722,1,2,0,2,0,0.6,2.5,Arsenal
Leandro Trossard,BEL,"FW,MF",28,34,18,1649,12,1,0,2,0,7.9,2.8,Arsenal
Gabriel Jesus,BRA,FW,26,27,17,1478,4,5,0,6,0,6.3,3.8,Arsenal
Jakub Kiwior,POL,DF,23,20,11,946,1,3,0,1,0,0.8,0.9,Arsenal
Takehiro Tomiyasu,JPN,DF,24,22,10,1149,2,1,0,2,1,1.5,0.4,Arsenal
Eddie Nketiah,ENG,FW,24,27,10,1082,5,2,0,3,0,4.5,0.8,Arsenal
Jorginho,ITA,MF,31,24,10,921,0,2,0,1,0,0.1,1.4,Arsenal
Thomas Partey,GHA,"MF,DF",30,14,9,788,0,0,0,3,0,0.4,0.3,Arsenal
Aaron Ramsdale,ENG,GK,25,6,6,540,0,0,0,0,0,0,0,Arsenal
Emile Smith Rowe,ENG,MF,23,13,3,353,0,1,0,0,0,2,0.2,Arsenal
Fabio Vieira,POR,"MF,FW",23,11,2,297,1,2,1,0,1,1.3,1.6,Arsenal
Reiss Nelson,ENG,FW,23,15,1,268,0,0,0,1,0,0.2,0.6,Arsenal
Jurrien Timber,NED,DF,22,2,1,71,0,0,0,2,0,0,0,Arsenal
Cedric Soares,POR,DF,31,3,0,62,0,0,0,0,0,0,0,Arsenal
Mohamed Elneny,EGY,MF,31,3,0,28,0,0,0,0,0,0.1,0,Arsenal
Ethan Nwaneri,ENG,FW,16,1,0,14,0,0,0,0,0,0,0,Arsenal
Mauro Bandeira,POR,MF,19,0,0,0,0,0,0,0,0,0,0,Arsenal
Bradley Ibrahim,ENG,MF,18,0,0,0,0,0,0,0,0,0,0,Arsenal
Karl Jakob Hein,EST,GK,21,0,0,0,0,0,0,0,0,0,0,Arsenal
Myles Lewis-Skelly,ENG,MF,16,0,0,0,0,0,0,0,0,0,0,Arsenal
Charles Sagoe Jr,ENG,FW,19,0,0,0,0,0,0,0,0,0,0,Arsenal
James Sweet,WAL,DF,19,0,0,0,0,0,0,0,0,0,0,Arsenal
Reuell Walters,ENG,DF,18,0,0,0,0,0,0,0,0,0,0,Arsenal
Virgil van Dijk,NED,DF,32,36,36,3177,2,2,0,3,1,2.8,1.6,Liverpool
Luis Di­az,COL,FW,26,37,32,2629,8,5,0,3,0,11.9,5.7,Liverpool
Alexis Mac Allister,ARG,MF,24,33,31,2599,5,5,1,7,1,3.7,3.6,Liverpool
Mohamed Salah,EGY,FW,31,32,28,2534,18,10,5,2,0,21.2,11.8,Liverpool
Alisson,BRA,GK,30,28,28,2520,0,0,0,1,0,0,0,Liverpool
Trent Alexander-Arnold,ENG,DF,24,28,25,2155,3,4,0,6,0,2.6,7.2,Liverpool
Dominik Szoboszlai,HUN,MF,22,33,25,2104,3,2,0,1,0,3.7,5.8,Liverpool
Darwin Nunez,URU,FW,24,36,22,2047,11,8,0,9,0,16.3,6,Liverpool
Wataru Endo,JPN,MF,30,29,20,1722,1,0,0,10,0,0.5,1.7,Liverpool
Andrew Robertson,SCO,DF,29,23,18,1693,3,2,0,2,0,1.9,5.4,Liverpool
Joe Gomez,ENG,DF,26,32,17,1786,0,1,0,5,0,0.8,1.3,Liverpool
Cody Gakpo,NED,"FW,MF",24,35,17,1649,8,5,0,1,0,9,2.9,Liverpool
Ibrahima Konate,FRA,DF,24,22,17,1574,0,0,0,5,1,0.7,0.4,Liverpool
Curtis Jones,ENG,MF,22,23,14,1167,1,1,0,3,1,2.6,0.7,Liverpool
Diogo Jota,POR,FW,26,21,14,1145,10,3,0,3,1,5.3,3.3,Liverpool
Jarell Quansah,ENG,DF,20,17,13,1190,2,0,0,1,0,1,0.1,Liverpool
Ryan Gravenberch,NED,MF,21,26,12,1121,1,0,0,0,0,2,0.9,Liverpool
Harvey Elliott,ENG,"MF,FW",20,34,11,1352,3,6,0,2,0,2.7,3.5,Liverpool
Caoimhan Kelleher,IRL,GK,24,10,10,900,0,0,0,0,0,0,0,Liverpool
Conor Bradley,NIR,DF,20,11,10,753,1,3,0,2,0,0.9,1.5,Liverpool
Joel Matip,CMR,DF,31,10,9,781,0,0,0,2,0,0.5,0.1,Liverpool
Kostas Tsimikas,GRE,DF,27,13,8,679,0,3,0,0,0,0.1,1,Liverpool
Bobby Clark,ENG,MF,18,5,1,89,0,0,0,0,0,0.1,0,Liverpool
Stefan Bajcetic,ESP,MF,18,1,0,26,0,0,0,0,0,0,0,Liverpool
Ben Doak,SCO,FW,17,1,0,14,0,0,0,0,0,0,0,Liverpool
Jayden Danns,ENG,FW,17,2,0,9,0,0,0,1,0,0,0,Liverpool
Owen Beck,WAL,DF,20,1,0,8,0,0,0,0,0,0,0,Liverpool
Thiago Alcantara,ESP,MF,32,1,0,6,0,0,0,0,0,0,0,Liverpool
James McConnell,ENG,MF,18,3,0,4,0,0,0,0,0,0,0,Liverpool
Kaide Gordon,ENG,FW,18,1,0,1,0,0,0,0,0,0,0,Liverpool
Adrian,ESP,GK,36,0,0,0,0,0,0,0,0,0,0,Liverpool
Luke Chambers,ENG,DF,19,0,0,0,0,0,0,0,0,0,0,Liverpool
Lewis Koumas,WAL,MF,17,0,0,0,0,0,0,0,0,0,0,Liverpool
Fabian Mrozek,POL,GK,19,0,0,0,0,0,0,0,0,0,0,Liverpool
Amara Nallo,ENG,DF,16,0,0,0,0,0,0,0,0,0,0,Liverpool
Trey Nyoni,ENG,MF,16,0,0,0,0,0,0,0,0,0,0,Liverpool
Marcelo Pitaluga,BRA,GK,20,0,0,0,0,0,0,0,0,0,0,Liverpool
Calum Scanlon,ENG,MF,18,0,0,0,0,0,0,0,0,0,0,Liverpool
Ollie Watkins,ENG,FW,27,37,37,3217,19,13,0,4,0,16.8,7.3,Aston-Villa
Ezri Konsa,ENG,DF,25,35,35,3069,1,0,0,5,0,2.5,0.5,Aston-Villa
John McGinn,SCO,"MF,FW",28,35,35,2999,6,4,0,9,1,5,4.6,Aston-Villa
Douglas Luiz,BRA,MF,25,35,35,2993,9,5,4,12,0,6.9,5.4,Aston-Villa
Emiliano Martinez,ARG,GK,30,34,34,3015,0,0,0,4,0,0,0,Aston-Villa
Pau Torres,ESP,DF,26,29,27,2464,2,0,0,1,0,1,0.4,Aston-Villa
Lucas Digne,FRA,DF,30,33,27,2410,1,3,0,7,0,1.1,4.1,Aston-Villa
Moussa Diaby,FRA,"FW,MF",24,38,25,2174,6,8,0,1,0,7,6.6,Aston-Villa
Matty Cash,POL,DF,25,29,23,2142,2,2,0,8,0,4.2,2.3,Aston-Villa
Leon Bailey,JAM,"MF,FW",25,35,22,2068,10,9,0,5,0,6.3,9.2,Aston-Villa
Diego Carlos,BRA,DF,30,27,20,1816,0,0,0,4,0,1.9,0.1,Aston-Villa
Boubacar Kamara,FRA,MF,23,20,20,1652,0,1,0,7,1,0.1,1.3,Aston-Villa
Youri Tielemans,BEL,"MF,FW",26,32,17,1622,2,6,0,3,0,1.3,2.6,Aston-Villa
Clement Lenglet,FRA,DF,28,14,14,1153,0,1,0,3,0,0.9,0.8,Aston-Villa
Alex Moreno,ESP,DF,30,21,11,1031,2,0,0,2,0,1.1,1.1,Aston-Villa
Nicola Zaniolo,ITA,"FW,MF",24,25,9,839,2,0,0,7,0,2.6,1,Aston-Villa
Jacob Ramsey,ENG,"FW,MF",22,16,8,853,1,1,0,2,0,2.2,1,Aston-Villa
Morgan Rogers,ENG,"MF,FW",21,11,8,638,3,1,0,3,0,1.4,0.6,Aston-Villa
Robin Olsen,SWE,GK,33,5,4,405,0,0,0,0,0,0,0,Aston-Villa
Jhon Duran,COL,"FW,MF",19,23,3,475,5,0,0,5,0,2,0.3,Aston-Villa
Tim Iroegbunam,ENG,MF,20,9,1,164,0,0,0,0,0,0,0,Aston-Villa
Calum Chambers,ENG,"MF,DF",28,5,1,152,0,1,0,1,0,0,0.1,Aston-Villa
Leander Dendoncker,BEL,MF,28,8,1,119,1,0,0,0,0,0.7,0,Aston-Villa
Tyrone Mings,ENG,DF,30,1,1,30,0,0,0,0,0,0,0,Aston-Villa
Omari Kellyman,ENG,FW,17,2,0,37,0,0,0,0,0,0.1,0,Aston-Villa
Philippe Coutinho,BRA,"MF,FW",31,2,0,25,0,0,0,0,0,0.1,0,Aston-Villa
Bertrand Traore,BFA,"DF,FW",27,2,0,11,0,0,0,0,0,0,0,Aston-Villa
Cameron Archer,ENG,MF,22,1,0,6,0,0,0,1,0,0,0,Aston-Villa
Kaine Kesler-Hayden,ENG,"MF,DF",20,3,0,6,0,0,0,0,0,0,0,Aston-Villa
Finley Munroe,ENG,MF,18,1,0,4,0,0,0,0,0,0,0,Aston-Villa
Jaden Philogene Bidace,ENG,FW,21,1,0,4,0,0,0,0,0,0,0,Aston-Villa
Lander Emery,0,GK,0,0,0,0,0,0,0,0,0,0,0,Aston-Villa
Joe Gauci,AUS,GK,23,0,0,0,0,0,0,0,0,0,0,Aston-Villa
Filip Marshall,ENG,GK,20,0,0,0,0,0,0,0,0,0,0,Aston-Villa
Tommi O'Reilly,ENG,MF,19,0,0,0,0,0,0,0,0,0,0,Aston-Villa
Sam Proctor,ENG,GK,16,0,0,0,0,0,0,0,0,0,0,Aston-Villa
James Wright,ENG,GK,18,0,0,0,0,0,0,0,0,0,0,Aston-Villa
Kadan Young,ENG,MF,17,0,0,0,0,0,0,0,0,0,0,Aston-Villa
Oliwier Zych,POL,GK,19,0,0,0,0,0,0,0,0,0,0,Aston-Villa
Guglielmo Vicario,ITA,GK,26,38,38,3420,0,0,0,2,0,0,0,Tottenham-Hotspur
Pedro Porro,ESP,DF,23,35,35,3089,3,7,0,3,0,2.9,7.2,Tottenham-Hotspur
Son Heung-min,KOR,FW,31,35,34,2934,17,10,2,1,0,12,11.8,Tottenham-Hotspur
Cristian Romero,ARG,DF,25,33,33,2790,5,0,0,7,1,3.5,0.4,Tottenham-Hotspur
Dejan Kulusevski,SWE,"FW,MF",23,36,31,2762,8,3,0,7,0,4.7,7.7,Tottenham-Hotspur
Destiny Udogie,ITA,DF,20,28,28,2391,2,3,0,7,1,2.4,2.2,Tottenham-Hotspur
Micky van de Ven,NED,DF,22,27,27,2339,3,0,0,5,0,0.6,0,Tottenham-Hotspur
Pape Matar Sarr,SEN,MF,20,34,27,2069,3,3,0,9,0,3.4,2.2,Tottenham-Hotspur
James Maddison,ENG,MF,26,28,26,2135,4,9,0,5,0,6.4,5.9,Tottenham-Hotspur
Yves Bissouma,MLI,MF,26,28,26,2068,0,0,0,10,2,1.4,0.4,Tottenham-Hotspur
Brennan Johnson,WAL,FW,22,32,23,2085,5,10,0,3,0,10.3,8.1,Tottenham-Hotspur
Richarlison,BRA,FW,26,28,18,1491,11,4,0,3,0,9.6,2.1,Tottenham-Hotspur
Rodrigo Bentancur,URU,MF,26,23,13,1005,1,1,0,7,0,1.9,0.5,Tottenham-Hotspur
Ben Davies,WAL,DF,30,17,12,1090,1,0,0,2,0,2.3,0.4,Tottenham-Hotspur
Emerson,BRA,DF,24,22,11,1161,1,0,0,4,0,0.2,0.4,Tottenham-Hotspur
Timo Werner,GER,FW,27,13,10,809,2,3,0,1,0,3.7,2.7,Tottenham-Hotspur
Pierre Hojbjerg,DEN,MF,27,36,8,1311,0,0,0,4,0,0.7,1.2,Tottenham-Hotspur
Oliver Skipp,ENG,"MF,DF",22,21,5,707,0,0,0,3,0,0.7,0.6,Tottenham-Hotspur
Giovani Lo Celso,ARG,MF,27,22,4,506,2,2,0,2,0,0.6,1.9,Tottenham-Hotspur
Radu Dragusin,ROU,DF,21,9,4,429,0,0,0,1,0,0.1,0,Tottenham-Hotspur
Bryan Gil,ESP,"FW,MF",22,11,2,209,0,0,0,0,0,0.8,0.2,Tottenham-Hotspur
Manor Solomon,ISR,FW,24,5,2,199,0,2,0,1,0,0.4,0.8,Tottenham-Hotspur
Eric Dier,ENG,DF,29,4,1,201,0,0,0,0,0,0,0,Tottenham-Hotspur
Ivan Perisic,CRO,FW,34,5,0,103,0,1,0,2,0,0.1,0.9,Tottenham-Hotspur
Davinson Sanchez,COL,DF,27,1,0,77,0,0,0,1,0,0.1,0,Tottenham-Hotspur
Alejo Vacliz,ARG,FW,19,8,0,50,1,0,0,1,0,0.2,0,Tottenham-Hotspur
Dane Scarlett,ENG,FW,19,4,0,22,0,0,0,0,0,0,0,Tottenham-Hotspur
Mikey Moore,ENG,MF,15,2,0,4,0,0,0,0,0,0,0,Tottenham-Hotspur
Jamie Donley,ENG,FW,18,3,0,3,0,0,0,1,0,0,0,Tottenham-Hotspur
Brandon Austin,ENG,GK,24,0,0,0,0,0,0,0,0,0,0,Tottenham-Hotspur
Alfie Dorrington,ENG,DF,18,0,0,0,0,0,0,0,0,0,0,Tottenham-Hotspur
Fraser Forster,ENG,GK,35,0,0,0,0,0,0,0,0,0,0,Tottenham-Hotspur
Tyrese Hall,ENG,MF,17,0,0,0,0,0,0,0,0,0,0,Tottenham-Hotspur
Ashley Phillips,WAL,DF,18,0,0,0,0,0,0,0,0,0,0,Tottenham-Hotspur
Yago Santiago,ESP,"FW,MF",20,0,0,0,0,0,0,0,0,0,0,Tottenham-Hotspur
Alfie Whiteman,ENG,GK,24,0,0,0,0,0,0,0,0,0,0,Tottenham-Hotspur
Conor Gallagher,ENG,MF,23,37,37,3128,5,7,0,9,1,4.2,5,Chelsea
Moises Caicedo,ECU,MF,21,35,33,2866,1,3,0,11,0,0.4,2.6,Chelsea
Nicolas Jackson,SEN,FW,22,35,31,2799,14,5,0,10,0,18.6,4.3,Chelsea
Cole Palmer,ENG,"FW,MF",21,33,29,2607,22,11,9,7,0,18.2,11,Chelsea
Axel Disasi,FRA,DF,25,31,29,2579,2,0,0,6,0,2.4,0.3,Chelsea
Thiago Silva,BRA,DF,38,31,28,2527,3,1,0,4,0,0.8,1,Chelsea
Enzo Fernandez,ARG,MF,22,28,26,2209,3,2,1,7,0,6.2,3.4,Chelsea
Alexis Petrovic,SRB,GK,23,23,22,1987,0,0,0,2,0,0,0,Chelsea
Raheem Sterling,ENG,"FW,MF",28,31,22,1978,8,4,0,7,0,6.5,4.5,Chelsea
Levi Colwill,ENG,DF,20,23,20,1797,1,1,0,2,0,1.3,1.2,Chelsea
Marc Cucurella,ESP,DF,25,21,20,1782,0,2,0,10,0,1.1,1.1,Chelsea
Malo Gusto,FRA,DF,20,27,19,1751,0,6,0,7,1,0.9,4.3,Chelsea
Mykhailo Mudryk,UKR,FW,22,31,18,1576,5,2,0,5,0,4.4,4.1,Chelsea
Robert Sanchez,ESP,GK,25,16,16,1433,0,0,0,2,0,0,0,Chelsea
Benoat Badiashile,FRA,DF,22,18,15,1338,0,1,0,3,0,0.3,1.5,Chelsea
Noni Madueke,ENG,FW,21,23,13,1053,5,2,1,2,0,2.5,2.6,Chelsea
Trevoh Chalobah,ENG,DF,24,13,10,952,1,0,0,1,0,0.2,0.1,Chelsea
Ben Chilwell,ENG,DF,26,13,9,756,0,1,0,5,0,1.2,2.2,Chelsea
Armando Broja,ALB,FW,21,13,6,454,1,0,0,0,0,2.4,0.2,Chelsea
Reece James,ENG,DF,23,10,5,419,0,2,0,2,2,0.3,1.7,Chelsea
Lesley Ugochukwu,FRA,MF,19,12,3,301,0,0,0,2,0,0,0.1,Chelsea
Christopher Nkunku,FRA,"FW,MF",25,11,2,443,3,0,0,0,0,2.3,0.2,Chelsea
Carney Chukwuemeka,ENG,"MF,FW",19,9,2,227,1,1,0,2,0,0.2,0.3,Chelsea
Alfie Gilchrist,ENG,DF,19,11,2,207,1,0,0,1,0,0.3,0,Chelsea
Ian Maatsen,NED,"FW,MF",21,12,1,209,0,0,0,1,0,0.8,0.1,Chelsea
Cesare Casadei,ITA,"FW,MF",20,11,0,79,0,0,0,0,0,0,0.1,Chelsea
Romeo Lavia,BEL,MF,19,1,0,33,0,0,0,0,0,0,0,Chelsea
Deivid Washington,BRA,"DF,FW",18,2,0,13,0,0,0,0,0,0.5,0,Chelsea
Mason Burstow,ENG,FW,19,2,0,9,0,0,0,0,0,0,0,Chelsea
Joshua Acheampong,ENG,DF,17,1,0,6,0,0,0,0,0,0,0,Chelsea
Alex Matos,ENG,MF,18,1,0,1,0,0,0,0,0,0,0,Chelsea
Jimi Tauriainen,ENG,FW,19,1,0,1,0,0,0,0,0,0,0,Chelsea
Marcus Bettinelli,ENG,GK,31,0,0,0,0,0,0,1,0,0,0,Chelsea
Eddie Beach,WAL,GK,19,0,0,0,0,0,0,0,0,0,0,Chelsea
Lucas Bergstrom,FIN,GK,20,0,0,0,0,0,0,0,0,0,0,Chelsea
Joshua Brooking,ENG,DF,20,0,0,0,0,0,0,0,0,0,0,Chelsea
Leo Castledine,ENG,MF,17,0,0,0,0,0,0,0,0,0,0,Chelsea
Ted Curd,ENG,GK,17,0,0,0,0,0,0,0,0,0,0,Chelsea
Kiano Dyer,ENG,MF,16,0,0,0,0,0,0,0,0,0,0,Chelsea
Tyrique George,ENG,FW,17,0,0,0,0,0,0,0,0,0,0,Chelsea
Ollie Harrison,ENG,MF,15,0,0,0,0,0,0,0,0,0,0,Chelsea
Bashir Humphreys,ENG,DF,20,0,0,0,0,0,0,0,0,0,0,Chelsea
Diego Moreira,POR,MF,18,0,0,0,0,0,0,0,0,0,0,Chelsea
Ishac Samuels-Smith,ENG,DF,17,0,0,0,0,0,0,0,0,0,0,Chelsea
Andrey Santos,BRA,MF,19,0,0,0,0,0,0,0,0,0,0,Chelsea
Teddy Sharman,ENG,GK,20,0,0,0,0,0,0,0,0,0,0,Chelsea
Zak Sturge,ENG,DF,19,0,0,0,0,0,0,0,0,0,0,Chelsea
Ronnie Stutter,ENG,FW,18,0,0,0,0,0,0,0,0,0,0,Chelsea
Bruno Guimares,BRA,MF,25,37,37,3263,7,8,0,9,0,4.8,6.4,Newcastle-United
Fabian Schaor,SUI,DF,31,36,35,3054,4,1,0,5,0,2.5,0.7,Newcastle-United
Anthony Gordon,ENG,FW,22,35,34,2890,11,10,1,12,1,10.2,8,Newcastle-United
Dan Burn,ENG,DF,31,33,32,2726,2,2,0,4,0,3.1,1.1,Newcastle-United
Sean Longstaff,ENG,MF,25,35,30,2747,6,2,0,7,0,6.7,2.3,Newcastle-United
Alexander Isak,SWE,FW,23,30,27,2255,21,2,5,1,0,20.3,3.7,Newcastle-United
Kieran Trippier,ENG,DF,32,28,26,2236,1,10,0,5,0,0.7,7.5,Newcastle-United
Miguel Almiron,PAR,FW,29,33,23,1937,3,1,0,2,0,4.5,2.6,Newcastle-United
Martin Dobravka,SVK,GK,34,23,22,1985,0,0,0,1,0,0,0.1,Newcastle-United
Sven Botman,NED,DF,23,17,15,1377,2,2,0,2,0,0.6,1,Newcastle-United
Nick Pope,ENG,GK,31,15,15,1345,0,0,0,1,0,0,0,Newcastle-United
Joelinton,BRA,"MF,FW",26,20,15,1279,2,1,0,6,0,3,2.9,Newcastle-United
Lewis Miley,ENG,MF,17,17,14,1202,1,3,0,1,0,1.2,1.7,Newcastle-United
Jacob Murphy,ENG,"FW,DF",28,21,14,1189,3,7,0,1,0,2.1,5,Newcastle-United
Jamaal Lascelles,ENG,DF,29,16,13,1080,1,0,0,4,0,0.7,0.1,Newcastle-United
Valentino Livramento,ENG,DF,20,26,12,1314,1,0,0,1,0,0.4,0.8,Newcastle-United
Elliot Anderson,SCO,"MF,FW",20,21,10,1027,0,2,0,3,0,1.6,1.9,Newcastle-United
Callum Wilson,ENG,FW,31,20,9,991,9,1,2,3,0,8.8,0.6,Newcastle-United
Emil Krafth,SWE,DF,28,17,8,913,0,0,0,2,0,0.2,1,Newcastle-United
Lewis Hall,ENG,DF,18,18,8,781,1,0,0,2,0,0.3,0.2,Newcastle-United
Harvey Barnes,ENG,"FW,MF",25,21,7,802,5,3,0,2,0,3.6,3.2,Newcastle-United
Sandro Tonali,ITA,MF,23,8,5,438,1,0,0,2,0,0.7,0.6,Newcastle-United
Joe Willock,ENG,MF,23,9,5,419,1,0,0,0,0,0.8,0.6,Newcastle-United
Loris Karius,GER,GK,30,1,1,90,0,0,0,0,0,0,0,Newcastle-United
Matt Targett,ENG,DF,27,3,1,78,0,0,0,1,0,0,0,Newcastle-United
Matt Ritchie,SCO,"FW,MF",33,13,0,128,1,0,0,1,0,1,0,Newcastle-United
Ben Parkinson,ENG,FW,18,1,0,25,0,0,0,0,0,0,0,Newcastle-United
Paul Dummett,WAL,DF,31,5,0,20,0,0,0,0,0,0,0,Newcastle-United
Alex Murphy,IRL,"DF,FW",19,2,0,13,0,0,0,0,0,0,0,Newcastle-United
Joe White,ENG,MF,20,4,0,13,0,0,0,1,0,0,0,Newcastle-United
Amadou Diallo,ENG,MF,20,1,0,1,0,0,0,0,0,0,0,Newcastle-United
Michael Ndiweni,ENG,FW,19,1,0,1,0,0,0,0,0,0,0,Newcastle-United
Mark Gillespie,ENG,GK,31,0,0,0,0,0,0,0,0,0,0,Newcastle-United
Travis Hearnes,ENG,MF,17,0,0,0,0,0,0,0,0,0,0,Newcastle-United
Javier Manquillo,ESP,DF,29,0,0,0,0,0,0,0,0,0,0,Newcastle-United
Andre Onana,CMR,GK,27,38,38,3420,0,0,0,5,0,0,0.1,Manchester-United
Diogo Dalot,POR,DF,24,36,35,3174,2,3,0,6,1,1.7,2.9,Manchester-United
Bruno Fernandes,POR,"MF,FW",28,35,35,3118,10,8,4,9,0,10,11.8,Manchester-United
Alejandro Garnacho,ARG,FW,19,36,30,2565,7,4,0,4,0,8.4,5.1,Manchester-United
Marcus Rashford,ENG,FW,25,33,26,2271,7,2,2,2,0,7.3,2.3,Manchester-United
Rasmus Hojlund,DEN,FW,20,30,25,2158,10,2,0,2,0,7.6,1.6,Manchester-United
Casemiro,BRA,"MF,DF",31,25,24,1982,1,2,0,7,0,3.5,1,Manchester-United
Kobbie Mainoo,ENG,MF,18,24,24,1924,3,1,0,3,0,0.9,0.7,Manchester-United
Aaron Wan-Bissaka,ENG,DF,25,22,20,1780,0,2,0,4,0,0.1,1.5,Manchester-United
Scott McTominay,SCO,"MF,FW",26,32,18,1901,7,1,0,2,0,5.7,0.8,Manchester-United
Harry Maguire,ENG,DF,30,22,18,1653,2,2,0,4,0,2,1.2,Manchester-United
Raphael Varane,FRA,DF,30,22,16,1375,1,0,0,2,0,1.3,0.1,Manchester-United
Jonny Evans,NIR,DF,35,23,15,1392,0,1,0,2,0,0.1,1.2,Manchester-United
Antony,BRA,FW,23,29,15,1324,1,1,0,5,0,3.4,2.8,Manchester-United
Victor Lindelof,SWE,DF,29,19,14,1328,1,1,0,2,0,0.8,0.3,Manchester-United
Christian Eriksen,DEN,MF,31,22,12,1141,1,2,0,1,0,1,2.3,Manchester-United
Luke Shaw,ENG,DF,28,12,12,959,0,0,0,6,0,0,1,Manchester-United
Sofyan Amrabat,MAR,"MF,DF",26,21,10,938,0,0,0,6,0,0.1,0.3,Manchester-United
Lisandro Martinez,ARG,DF,25,11,8,646,0,1,0,3,0,0,0.1,Manchester-United
Mason Mount,ENG,"MF,FW",24,14,5,516,1,0,0,2,0,0.4,0.3,Manchester-United
Anthony Martial,FRA,FW,27,13,5,448,1,0,0,0,0,1.2,0.2,Manchester-United
Sergio Reguilon,ESP,DF,26,9,4,412,0,0,0,3,0,0.2,0.7,Manchester-United
Amad Diallo,CIV,"FW,MF",21,9,3,390,1,1,0,1,0,0.5,1,Manchester-United
Willy Kambwala,FRA,DF,18,8,3,330,0,0,0,1,0,0,0,Manchester-United
Facundo Pellistri,URU,"FW,MF",21,9,1,172,0,1,0,0,0,0.7,0.1,Manchester-United
Hannibal Mejbri,TUN,"MF,FW",20,5,1,133,1,0,0,1,0,0,0.4,Manchester-United
Omari Forson,ENG,FW,19,4,1,70,0,1,0,0,0,0,0.2,Manchester-United
Jadon Sancho,ENG,"FW,MF",23,3,0,79,0,0,0,0,0,0,0.1,Manchester-United
Ethan Wheatley,ENG,FW,17,3,0,16,0,0,0,0,0,0,0,Manchester-United
Donny van de Beek,NED,DF,26,1,0,3,0,0,0,0,0,0,0.1,Manchester-United
Daniel Gore,ENG,MF,18,1,0,1,0,0,0,0,0,0,0,Manchester-United
Harry Amass,ENG,DF,16,0,0,0,0,0,0,0,0,0,0,Manchester-United
Altay Bayindir,TUR,GK,25,0,0,0,0,0,0,0,0,0,0,Manchester-United
Rhys Bennett,ENG,DF,19,0,0,0,0,0,0,0,0,0,0,Manchester-United
Alvaro Carreras,ESP,"DF,MF",20,0,0,0,0,0,0,0,0,0,0,Manchester-United
Toby Collyer,ENG,MF,19,0,0,0,0,0,0,0,0,0,0,Manchester-United
Tom Heaton,ENG,GK,37,0,0,0,0,0,0,0,0,0,0,Manchester-United
Dean Henderson,ENG,GK,26,0,0,0,0,0,0,0,0,0,0,Manchester-United
Joe Hugill,ENG,FW,19,0,0,0,0,0,0,0,0,0,0,Manchester-United
Louis Jackson,SCO,DF,17,0,0,0,0,0,0,0,0,0,0,Manchester-United
Dermot Mee,NIR,GK,20,0,0,0,0,0,0,0,0,0,0,Manchester-United
Habeeb Ogunneye,ENG,DF,18,0,0,0,0,0,0,0,0,0,0,Manchester-United
Radek Vatek,0,GK,19,0,0,0,0,0,0,0,0,0,0,Manchester-United
Vladimi­r Coufal,CZE,DF,30,36,36,3132,0,7,0,7,1,0.3,4,West-Ham-United
Emerson Palmieri,ITA,DF,28,36,35,3137,1,2,0,10,0,1.5,2.4,West-Ham-United
Jarrod Bowen,ENG,FW,26,34,34,3019,16,6,0,2,0,11.6,5.5,West-Ham-United
James Ward-Prowse,ENG,MF,28,37,34,3001,7,7,2,4,0,6,7.8,West-Ham-United
Tomas Soucek,CZE,MF,28,37,34,2870,7,2,0,7,0,6.7,1.7,West-Ham-United
Kurt Zouma,FRA,DF,28,33,32,2838,3,0,0,3,0,1.8,0.2,West-Ham-United
Alphonse Areola,FRA,GK,30,31,31,2699,0,0,0,1,0,0,0,West-Ham-United
Lucas Paqueta,BRA,"FW,MF",25,31,31,2622,4,6,2,10,0,5.4,5.4,West-Ham-United
Edson Alvarez,MEX,MF,25,31,28,2377,1,1,0,11,0,1.3,0.6,West-Ham-United
Mohammed Kudus,GHA,"FW,MF",22,33,27,2484,8,6,0,6,0,5.1,3.5,West-Ham-United
Nayef Aguerd,MAR,DF,27,21,21,1857,1,0,0,3,1,1.5,0.3,West-Ham-United
Michail Antonio,JAM,FW,33,26,21,1695,6,2,0,6,0,5.8,0.9,West-Ham-United
Konstantinos Mavropanos,GRE,DF,25,19,16,1500,1,0,0,2,0,1.2,0.2,West-Ham-United
Aukasz Fabiaski,POL,GK,38,10,7,721,0,0,0,0,0,0,0,West-Ham-United
Angelo Ogbonna,ITA,DF,35,11,7,635,0,0,0,1,0,0,0,West-Ham-United
Saad Benrahma,ALG,"FW,MF",27,13,5,620,0,1,0,1,0,1.8,1.4,West-Ham-United
Ben Johnson,ENG,"DF,FW",23,14,4,544,0,0,0,1,0,0.2,0,West-Ham-United
Aaron Cresswell,ENG,"DF,FW",33,11,4,436,0,0,0,1,0,0,0.4,West-Ham-United
Pablo Fornals,ESP,"MF,FW",27,15,4,426,0,0,0,0,0,0.3,0.3,West-Ham-United
Danny Ings,ENG,FW,31,20,3,404,1,0,0,1,0,1.3,0.3,West-Ham-United
Kalvin Phillips,ENG,MF,27,8,3,309,0,0,0,3,1,0.1,0,West-Ham-United
Maxwel Cornet,CIV,"MF,FW",26,7,1,112,1,0,0,0,0,0.4,0.2,West-Ham-United
Divin Mubama,ENG,FW,18,5,0,80,0,0,0,0,0,0.1,0,West-Ham-United
George Earthy,ENG,FW,18,3,0,34,1,0,0,0,0,0.3,0,West-Ham-United
Thilo Kehrer,GER,"DF,MF",26,4,0,22,0,0,0,2,0,0,0,West-Ham-United
Kaelan Casey,ENG,DF,18,1,0,1,0,0,0,0,0,0,0,West-Ham-United
Joseph Anang,ENG,GK,23,0,0,0,0,0,0,0,0,0,0,West-Ham-United
Conor Coventry,IRL,MF,23,0,0,0,0,0,0,0,0,0,0,West-Ham-United
Levi Laing,ENG,DF,20,0,0,0,0,0,0,0,0,0,0,West-Ham-United
Callum Marshall,NIR,DF,18,0,0,0,0,0,0,0,0,0,0,West-Ham-United
Lewis Orford,ENG,MF,17,0,0,0,0,0,0,0,0,0,0,West-Ham-United
Oliver Scarles,ENG,DF,17,0,0,0,0,0,0,0,0,0,0,West-Ham-United
Joachim Andersen,DEN,DF,27,38,38,3415,2,3,0,7,0,1.7,2.8,Crystal-Palace
Tyrick Mitchell,ENG,"DF,MF",23,37,37,3204,2,3,0,6,0,1.6,2.8,Crystal-Palace
Jordan Ayew,GHA,"FW,MF",31,35,30,2543,4,7,0,9,1,3.9,4.2,Crystal-Palace
Jefferson Lerma,COL,"MF,DF",28,28,27,2400,1,1,0,8,0,2.7,2.2,Crystal-Palace
Jean-Philippe Mateta,FRA,FW,26,35,25,2282,16,5,2,3,0,10.9,3.1,Crystal-Palace
Eberechi Eze,ENG,"MF,FW",25,27,24,2055,11,4,1,3,0,9.1,5.2,Crystal-Palace
Chris Richards,USA,"DF,MF",23,26,23,2094,1,1,0,3,0,0.6,0.4,Crystal-Palace
Marc Guachi,ENG,DF,23,25,23,2021,0,1,0,2,0,0.6,0.6,Crystal-Palace
Joel Ward,ENG,DF,33,26,23,1980,0,1,0,4,0,0.9,0.2,Crystal-Palace
Will Hughes,ENG,MF,28,30,23,1891,0,1,0,6,0,0.3,1.1,Crystal-Palace
Sam Johnstone,ENG,GK,30,20,20,1796,0,0,0,1,0,0,0,Crystal-Palace
Dean Henderson,ENG,GK,26,18,18,1620,0,0,0,2,0,0,0,Crystal-Palace
Odsonne Edouard,FRA,"FW,MF",25,30,17,1555,7,0,0,4,0,6.2,1.2,Crystal-Palace
Jeffrey Schlupp,GHA,"FW,MF",30,29,17,1352,2,2,0,1,0,1.8,2.3,Crystal-Palace
Daniel Munoz,COL,"DF,MF",27,16,16,1439,0,4,0,4,0,1.2,2.4,Crystal-Palace
Adam Wharton,ENG,MF,19,16,15,1297,0,3,0,2,0,0.3,2.4,Crystal-Palace
Nathaniel Clyne,ENG,DF,32,19,14,1338,0,0,0,0,0,0.2,0.2,Crystal-Palace
Michael Olise,FRA,"FW,MF",21,19,14,1275,10,6,1,0,0,5.5,5.8,Crystal-Palace
Cheick Doucoura,MLI,MF,23,11,11,919,0,0,0,2,0,0.3,0.7,Crystal-Palace
Jaaro Riedewald,NED,"MF,FW",26,9,2,235,0,0,0,0,0,0,0,Crystal-Palace
Matheus Fransa,BRA,"MF,FW",19,10,1,232,0,1,0,1,0,0.4,0.9,Crystal-Palace
Naouirou Ahamada,FRA,"MF,FW",21,20,0,349,0,0,0,4,1,0.5,0,Crystal-Palace
David Ozoh,ENG,"MF,DF",18,9,0,156,0,0,0,1,0,0,0,Crystal-Palace
Jesurun Rak Sakyi,ENG,"MF,FW",20,6,0,136,0,0,0,0,0,0.4,0.2,Crystal-Palace
James Tomkins,ENG,DF,34,4,0,10,0,0,0,0,0,0,0,Crystal-Palace
Remi Matthews,ENG,GK,29,1,0,4,0,0,0,0,0,0,0,Crystal-Palace
Tayo Adaramola,IRL,DF,19,0,0,0,0,0,0,0,0,0,0,Crystal-Palace
Malcolm Ebiowei,ENG,MF,19,0,0,0,0,0,0,0,0,0,0,Crystal-Palace
John-Kymani Gordon,ENG,"FW,MF",20,0,0,0,0,0,0,0,0,0,0,Crystal-Palace
Rob Holding,ENG,DF,27,0,0,0,0,0,0,0,0,0,0,Crystal-Palace
Roshaun Mathurin,ENG,FW,19,0,0,0,0,0,0,0,0,0,0,Crystal-Palace
Ademola Ola-Adebomi,ENG,FW,19,0,0,0,0,0,0,0,0,0,0,Crystal-Palace
Luke Plange,ENG,FW,20,0,0,0,0,0,0,0,0,0,0,Crystal-Palace
Jadan Raymond,WAL,MF,19,0,0,0,0,0,0,0,0,0,0,Crystal-Palace
Kaden Rodney,ENG,DF,18,0,0,0,0,0,0,0,0,0,0,Crystal-Palace
Franco Umeh-Chibueze,IRL,MF,18,0,0,0,0,0,0,0,0,0,0,Crystal-Palace
Joseph Whitworth,ENG,GK,19,0,0,0,0,0,0,0,0,0,0,Crystal-Palace
Pascal Groay,GER,"MF,DF",32,36,34,3114,4,10,1,6,0,6.5,8.1,Brighton-and-Hove-Albion
Lewis Dunk,ENG,DF,31,33,33,2869,3,1,0,7,1,3.1,0.9,Brighton-and-Hove-Albion
Jan Paul van Hecke,NED,DF,23,28,26,2369,0,0,0,4,0,1.2,0.9,Brighton-and-Hove-Albion
Simon Adingra,CIV,FW,21,31,25,2222,6,1,0,3,0,4.3,3.7,Brighton-and-Hove-Albion
Billy Gilmour,SCO,MF,22,30,24,2120,0,1,0,8,1,1,2,Brighton-and-Hove-Albion
Bart Verbruggen,NED,GK,20,21,21,1890,0,0,0,3,0,0,0,Brighton-and-Hove-Albion
Danny Welbeck,ENG,"FW,MF",32,29,21,1693,5,1,0,4,0,5.3,1.7,Brighton-and-Hove-Albion
Joao Pedro,BRA,"FW,MF",21,31,19,2045,9,3,4,2,0,11.9,3.8,Brighton-and-Hove-Albion
Igor,BRA,DF,25,24,17,1637,0,0,0,4,0,0.3,0.7,Brighton-and-Hove-Albion
Joal Veltman,NED,DF,31,27,17,1588,1,1,0,4,0,0.4,0.5,Brighton-and-Hove-Albion
Jason Steele,ENG,GK,32,17,17,1530,0,0,0,0,0,0,0,Brighton-and-Hove-Albion
Facundo Buonanotte,ARG,"FW,MF",18,27,17,1364,3,1,0,7,0,2.4,1.8,Brighton-and-Hove-Albion
Kaoru Mitoma,JPN,FW,26,19,15,1486,3,4,0,4,0,3.5,2.7,Brighton-and-Hove-Albion
Evan Ferguson,IRL,FW,18,27,15,1367,6,0,0,1,0,4.6,0.5,Brighton-and-Hove-Albion
Carlos Baleba,CMR,MF,19,27,15,1325,0,0,0,7,0,0.8,0.3,Brighton-and-Hove-Albion
Pervis Estupiatain,ECU,DF,25,19,15,1243,2,3,0,4,0,1,3.5,Brighton-and-Hove-Albion
Adam Webster,ENG,DF,28,15,13,1144,0,0,0,2,0,0.4,0.1,Brighton-and-Hove-Albion
Adam Lallana,ENG,"MF,FW",35,25,13,850,0,1,0,2,0,0.8,1.7,Brighton-and-Hove-Albion
James Milner,ENG,"DF,MF",37,15,11,773,0,2,0,3,0,0.3,1.8,Brighton-and-Hove-Albion
Tariq Lamptey,GHA,"DF,FW",22,19,10,914,0,3,0,3,0,0.4,1.2,Brighton-and-Hove-Albion
Jack Hinshelwood,ENG,DF,18,12,8,869,3,0,0,1,0,1.9,0.7,Brighton-and-Hove-Albion
Solly March,ENG,"FW,DF",29,7,7,554,3,1,0,1,0,2,1,Brighton-and-Hove-Albion
Jakub Moder,POL,"MF,DF",24,17,6,618,0,0,0,2,0,0.6,0.8,Brighton-and-Hove-Albion
Mahmoud Dahoud,GER,MF,27,9,6,452,0,1,0,1,1,0.2,0.9,Brighton-and-Hove-Albion
Julio Enciso,PAR,"MF,FW",19,12,5,475,0,2,0,2,0,1.4,1.7,Brighton-and-Hove-Albion
Ansu Fati,ESP,"MF,FW",20,19,3,521,2,0,0,2,0,3.4,0.8,Brighton-and-Hove-Albion
Valentin Barco,ARG,"DF,FW",19,6,3,307,0,0,0,1,0,0.2,0.2,Brighton-and-Hove-Albion
Odeluga Offiah,ENG,DF,20,4,1,128,0,0,0,0,0,0,0,Brighton-and-Hove-Albion
Mark O'Mahony,IRL,FW,18,3,1,63,0,0,0,1,0,0.1,0,Brighton-and-Hove-Albion
Benicio Boaitey,ENG,"FW,DF",19,5,0,40,0,0,0,1,0,0,0.1,Brighton-and-Hove-Albion
Steven Alzate,COL,MF,24,0,0,0,0,0,0,0,0,0,0,Brighton-and-Hove-Albion
Bigo Atom,GER,DF,18,0,0,0,0,0,0,0,0,0,0,Brighton-and-Hove-Albion
Luca Barrington,ENG,MF,18,0,0,0,0,0,0,0,0,0,0,Brighton-and-Hove-Albion
Samy Chouchane,TUN,MF,19,0,0,0,0,0,0,0,0,0,0,Brighton-and-Hove-Albion
Josh Duffus,ENG,MF,18,0,0,0,0,0,0,0,0,0,0,Brighton-and-Hove-Albion
Ben Jackson,ENG,DF,19,0,0,0,0,0,0,0,0,0,0,Brighton-and-Hove-Albion
Leigh Kavanagh,IRL,DF,19,0,0,0,0,0,0,0,0,0,0,Brighton-and-Hove-Albion
Cameron Peupion,AUS,MF,20,0,0,0,0,0,0,0,0,0,0,Brighton-and-Hove-Albion
Imari Samuels,ENG,DF,20,0,0,0,0,0,0,0,0,0,0,Brighton-and-Hove-Albion
Illia Zabarnyi,UKR,DF,20,37,37,3330,1,0,0,5,0,1.1,0.4,Bournemouth
Dominic Solanke,ENG,FW,25,38,37,3325,19,3,2,3,0,19.6,3,Bournemouth
Ryan Christie,SCO,MF,28,37,35,2907,0,5,0,6,0,2.3,5.4,Bournemouth
Neto,BRA,GK,34,32,32,2880,0,0,0,5,0,0,0,Bournemouth
Lewis Cook,ENG,MF,26,33,32,2786,0,3,0,5,1,0.4,4.3,Bournemouth
Marcos Senesi,ARG,DF,26,31,26,2242,4,5,0,13,0,2,1.7,Bournemouth
Justin Kluivert,NED,"MF,FW",24,32,26,1916,7,1,0,5,0,6.2,1.9,Bournemouth
Adam Smith,ENG,DF,32,28,25,2150,0,2,0,6,0,0.1,1.3,Bournemouth
Marcus Tavernier,ENG,FW,24,30,25,2118,3,4,0,3,0,3.9,5.2,Bournemouth
Antoine Semenyo,GHA,FW,23,33,25,2105,8,2,0,6,0,4.6,3.2,Bournemouth
Milos Kerkez,HUN,DF,19,28,22,1970,0,1,0,4,1,1.2,0.8,Bournemouth
Lloyd Kelly,ENG,DF,24,23,17,1559,0,1,0,2,0,0.3,1.2,Bournemouth
Philip Billing,DEN,MF,27,29,13,1398,2,2,0,3,1,2.5,3.2,Bournemouth
Max Aarons,ENG,DF,23,20,13,1237,0,1,0,1,0,0,0.8,Bournemouth
Dango Ouattara,BFA,"FW,DF",21,30,12,1229,1,2,0,3,0,2.6,1.5,Bournemouth
Alex Scott,ENG,MF,19,23,11,1014,1,1,0,3,0,0.7,1.7,Bournemouth
Luis Sinisterra,COL,"FW,MF",24,20,7,699,2,2,0,0,0,2.5,2.4,Bournemouth
Chris Mepham,WAL,DF,25,10,6,617,0,1,0,2,0,0.1,0.4,Bournemouth
Mark Travers,IRL,GK,24,4,4,360,0,0,0,0,0,0,0,Bournemouth
Joe Rothwell,ENG,MF,28,11,3,386,0,0,0,0,0,0.1,0.2,Bournemouth
Enes Aoenal,TUR,"FW,MF",26,16,2,328,2,2,0,1,0,2.9,1,Bournemouth
David Brooks,WAL,"FW,MF",26,13,2,282,1,1,0,1,0,2.2,1,Bournemouth
Ionue Radu,ROU,GK,26,2,2,180,0,0,0,0,0,0,0,Bournemouth
Jaidon Anthony,ENG,FW,23,3,2,152,0,0,0,1,0,0.1,0,Bournemouth
Tyler Adams,USA,MF,24,3,1,121,0,0,0,0,0,0,0.1,Bournemouth
James Hill,ENG,DF,21,5,1,76,0,0,0,0,0,0,0,Bournemouth
Kieffer Moore,WAL,"FW,MF",30,8,0,108,1,0,0,0,0,1.5,0.2,Bournemouth
Hamed Junior Traore,CIV,MF,23,3,0,47,0,0,0,0,0,0.2,0,Bournemouth
Romain Faivre,FRA,"MF,FW",25,5,0,41,0,0,0,1,0,0.2,0,Bournemouth
Dominic Sadi,ENG,FW,19,1,0,1,0,0,0,0,0,0,0,Bournemouth
Michael DaCosta,ESP,FW,18,0,0,0,0,0,0,0,0,0,0,Bournemouth
Ben Greenwood,IRL,DF,20,0,0,0,0,0,0,0,0,0,0,Bournemouth
Gavin Kilkenny,IRL,MF,23,0,0,0,0,0,0,0,0,0,0,Bournemouth
Emiliano Marcondes,DEN,"FW,MF",28,0,0,0,0,0,0,0,0,0,0,Bournemouth
Callan Mckenna,SCO,GK,16,0,0,0,0,0,0,0,0,0,0,Bournemouth
Darren Randolph,IRL,GK,36,0,0,0,0,0,0,0,0,0,0,Bournemouth
Maxwell Wellings,ENG,DF,18,0,0,0,0,0,0,0,0,0,0,Bournemouth
Bernd Leno,GER,GK,31,38,38,3420,0,0,0,3,0,0,0,Fulham
Antonee Robinson,USA,DF,25,37,37,3265,0,6,0,6,0,0.7,4.2,Fulham
Andreas Pereira,BRA,MF,27,37,34,2613,3,7,0,6,0,4.6,7.1,Fulham
Joao Palhinha,POR,MF,28,33,31,2699,4,1,0,13,0,3.3,0.8,Fulham
Timothy Castagne,BEL,DF,27,34,29,2634,1,3,0,3,0,1.6,1.9,Fulham
Calvin Bassey,NGA,DF,23,29,25,2303,1,0,0,6,1,0.3,0,Fulham
Alex Iwobi,NGA,"FW,MF",27,30,25,2192,5,2,0,2,0,5.3,4.7,Fulham
Willian,BRA,FW,34,31,24,2053,4,2,2,1,0,5.1,3.9,Fulham
Tosin Adarabioyo,ENG,DF,25,20,18,1617,2,0,0,2,0,0.7,0.1,Fulham
Rodrigo Muniz,BRA,FW,22,26,18,1593,9,1,0,1,0,8.7,2,Fulham
Raul Jiminez,MEX,FW,32,24,18,1395,7,0,0,3,1,5.2,1.5,Fulham
Tim Ream,USA,DF,35,18,17,1503,1,0,0,4,1,1,0,Fulham
Bobby Reid,JAM,FW,30,33,17,1423,6,2,0,4,0,4.6,1.8,Fulham
Harry Wilson,WAL,FW,26,35,16,1620,4,6,0,6,0,3.4,3.5,Fulham
Issa Diop,FRA,DF,26,18,16,1424,0,0,0,4,1,0.3,0,Fulham
Harrison Reed,ENG,MF,28,27,15,1325,0,2,0,6,0,0.3,1.1,Fulham
Tom Cairney,SCO,MF,32,34,14,1488,1,4,0,3,0,1.1,2.3,Fulham
Saia Lukita,SRB,MF,26,24,13,1122,1,0,0,3,0,1.6,0.8,Fulham
Kenny Tete,NED,DF,27,14,10,867,1,0,0,2,0,0.9,0.4,Fulham
Carlos Vinicius,BRA,FW,28,13,2,315,2,0,0,2,0,1.6,0.8,Fulham
Adama Traore,ESP,"FW,MF",27,17,1,377,2,3,0,2,0,1.5,0.7,Fulham
Armando Broja,ALB,FW,21,8,0,88,0,1,0,0,0,0,0.4,Fulham
Luke Harris,WAL,MF,18,1,0,75,0,0,0,0,0,0.3,0,Fulham
Fodac Ballo-Toure,SEN,"DF,MF",26,6,0,71,0,0,0,1,0,0,0,Fulham
Aleksandar Mitrovic,SRB,FW,28,1,0,33,0,0,0,0,0,0.2,0,Fulham
Marek Rodaik,SVK,GK,26,0,0,0,0,0,0,1,0,0,0,Fulham
Luc De Fougerolles,CAN,DF,17,0,0,0,0,0,0,0,0,0,0,Fulham
Matt Dibley-Dias,NZL,MF,19,0,0,0,0,0,0,0,0,0,0,Fulham
Tyrese Francois,AUS,MF,23,0,0,0,0,0,0,0,0,0,0,Fulham
Joshua King,ENG,MF,16,0,0,0,0,0,0,0,0,0,0,Fulham
Kevin Mbabu,SUI,DF,28,0,0,0,0,0,0,0,0,0,0,Fulham
Kristian Sekularac,SUI,MF,19,0,0,0,0,0,0,0,0,0,0,Fulham
Jay Stansfield,ENG,"FW,MF",20,0,0,0,0,0,0,0,0,0,0,Fulham
Devan Tanton,COL,DF,19,0,0,0,0,0,0,0,0,0,0,Fulham
Max Kilman,ENG,DF,26,38,38,3420,2,0,0,7,0,1.8,1.4,Wolverhampton-Wanderers
Nelson Semedo,POR,"DF,MF",29,36,36,3084,0,1,0,10,1,1.3,1.7,Wolverhampton-Wanderers
Jose Sai,POR,GK,30,35,35,3037,0,1,0,1,0,0,0,Wolverhampton-Wanderers
Mario Lemina,GAB,MF,29,35,34,2968,4,1,0,12,1,4.6,1.5,Wolverhampton-Wanderers
Joao Gomes,BRA,MF,22,34,32,2649,2,1,0,11,0,1.7,1.1,Wolverhampton-Wanderers
Toti Gomes,POR,DF,24,35,31,2772,1,3,0,7,0,1.6,1.2,Wolverhampton-Wanderers
Matheus Cunha,BRA,"FW,MF",24,32,29,2440,12,7,1,9,0,9.5,3.2,Wolverhampton-Wanderers
Rayan Aat-Nouri,ALG,"DF,MF",22,33,29,2329,2,1,0,7,0,3.3,2.4,Wolverhampton-Wanderers
Craig Dawson,ENG,DF,33,25,25,2209,1,1,0,7,0,1.5,1.4,Wolverhampton-Wanderers
Hwang Hee-chan,KOR,"FW,MF",27,29,25,2119,12,3,1,6,0,7.7,3,Wolverhampton-Wanderers
Pablo Sarabia,ESP,"MF,FW",31,30,20,1745,4,7,2,5,0,5.5,5.9,Wolverhampton-Wanderers
Pedro Neto,POR,"FW,MF",23,20,18,1516,2,9,0,4,0,3.5,4.4,Wolverhampton-Wanderers
Tommy Doyle,ENG,MF,21,26,11,1222,0,0,0,2,0,0.4,0.4,Wolverhampton-Wanderers
Jean-Ricner Bellegarde,FRA,"MF,FW",25,22,10,958,2,1,0,0,1,1.6,1,Wolverhampton-Wanderers
Matt Doherty,IRL,"DF,MF",31,30,9,1150,1,0,0,2,0,0.8,1.3,Wolverhampton-Wanderers
Santiago Bueno,URU,DF,24,12,9,822,0,0,0,1,0,0,0.1,Wolverhampton-Wanderers
Boubacar Traore,MLI,MF,21,24,7,819,0,0,0,4,0,0.3,0.4,Wolverhampton-Wanderers
Hugo Bueno,ESP,"DF,MF",20,22,7,741,0,0,0,1,0,0.3,0.8,Wolverhampton-Wanderers
Daniel Bentley,ENG,GK,30,5,3,383,0,0,0,0,0,0,0,Wolverhampton-Wanderers
Fabio Silva,POR,FW,21,8,3,264,0,0,0,2,0,1,0.2,Wolverhampton-Wanderers
Matheus Nunes,POR,MF,24,2,2,179,0,0,0,2,1,0.1,0.1,Wolverhampton-Wanderers
Leon Chiwome,ENG,FW,17,3,2,174,0,0,0,0,0,0.1,0,Wolverhampton-Wanderers
Nathan Fraser,IRL,FW,18,7,1,186,0,0,0,1,0,0.3,0.1,Wolverhampton-Wanderers
Sasa Kalajdzic,AUT,FW,26,11,1,166,2,0,0,0,0,1.1,1,Wolverhampton-Wanderers
Tawanda Chirewa,ENG,"MF,FW",19,8,1,145,0,0,0,1,0,0.2,0,Wolverhampton-Wanderers
Jonny Castro,ESP,MF,29,1,0,5,0,0,0,0,0,0,0,Wolverhampton-Wanderers
Enso Gonzalez,PAR,"MF,DF",18,1,0,1,0,0,0,0,0,0,0,Wolverhampton-Wanderers
Ty Barnett,ENG,FW,18,0,0,0,0,0,0,0,0,0,0,Wolverhampton-Wanderers
Harvey Griffiths,ENG,MF,19,0,0,0,0,0,0,0,0,0,0,Wolverhampton-Wanderers
Owen Hesketh,WAL,MF,20,0,0,0,0,0,0,0,0,0,0,Wolverhampton-Wanderers
Joseph Hodge,IRL,MF,20,0,0,0,0,0,0,0,0,0,0,Wolverhampton-Wanderers
Fletcher Holman,ENG,FW,18,0,0,0,0,0,0,0,0,0,0,Wolverhampton-Wanderers
Justin Hubner,IDN,DF,19,0,0,0,0,0,0,0,0,0,0,Wolverhampton-Wanderers
Tom King,WAL,GK,28,0,0,0,0,0,0,0,0,0,0,Wolverhampton-Wanderers
Noha Lemina,FRA,FW,18,0,0,0,0,0,0,0,0,0,0,Wolverhampton-Wanderers
Yerson Mosquera,COL,DF,22,0,0,0,0,0,0,0,0,0,0,Wolverhampton-Wanderers
Temple Ojinnaka,ITA,MF,18,0,0,0,0,0,0,0,0,0,0,Wolverhampton-Wanderers
Wesley Okoduwa,ENG,FW,15,0,0,0,0,0,0,0,0,0,0,Wolverhampton-Wanderers
Matthew Whittingham,ENG,MF,18,0,0,0,0,0,0,0,0,0,0,Wolverhampton-Wanderers
Jordan Pickford,ENG,GK,29,38,38,3420,0,0,0,5,0,0,0.1,Everton
James Tarkowski,ENG,DF,30,38,38,3419,1,1,0,11,0,2.6,2.5,Everton
Jarrad Branthwaite,ENG,DF,21,35,35,3116,3,0,0,8,0,1.7,1,Everton
James Garner,ENG,MF,22,37,34,3004,1,2,0,7,0,2.7,4.6,Everton
Dwight McNeil,ENG,"MF,FW",23,35,33,2892,3,6,0,2,0,3.4,8.8,Everton
Abdoulaye Doucoure,MLI,"FW,MF",30,32,32,2629,7,1,0,7,0,8.8,2.9,Everton
Vitaliy Mykolenko,UKR,DF,24,28,28,2469,2,0,0,1,0,1.5,0.9,Everton
Ashley Young,ENG,"DF,MF",38,31,27,2280,0,0,0,7,1,0.6,1.5,Everton
Dominic Calvert-Lewin,ENG,FW,26,32,26,2171,7,2,2,2,0,12.9,3.1,Everton
Jack Harrison,ENG,"MF,FW",26,29,25,2214,3,3,0,1,0,3.6,3.4,Everton
Idrissa Gana Gueye,SEN,MF,33,25,24,1884,4,0,0,8,0,1.3,1.1,Everton
Amadou Onana,BEL,MF,21,30,23,2091,2,0,0,5,0,2,2.7,Everton
Ben Godfrey,ENG,DF,25,15,13,1120,0,0,0,2,0,1.7,0.3,Everton
Nathan Patterson,SCO,DF,21,20,9,1005,0,2,0,4,0,0.3,1.7,Everton
Beto,GNB,FW,25,30,9,951,3,0,0,2,0,6.8,0.9,Everton
Saamus Coleman,IRL,DF,34,12,7,665,0,0,0,0,0,0,1,Everton
Arnaut Danjuma,NED,"MF,FW",26,14,5,595,1,0,0,0,0,2.6,1.1,Everton
Michael Keane,ENG,DF,30,9,4,439,1,0,0,2,0,0.7,0,Everton
Andre Gomes,POR,"MF,FW",30,12,3,508,1,0,0,4,0,0.3,0.4,Everton
Alex Iwobi,NGA,MF,27,2,2,140,0,0,0,0,0,0.3,0.2,Everton
Lewis Dobbin,ENG,MF,20,12,1,232,1,0,0,1,0,0.3,0.5,Everton
Youssef Chermiti,POR,FW,19,18,1,208,0,0,0,3,0,0.7,0.8,Everton
Neal Maupay,FRA,FW,26,2,1,111,0,0,0,0,0,1.4,0.1,Everton
Thomas Cannon,IRL,FW,20,1,0,1,0,0,0,0,0,0,0,Everton
Tyler Onyango,ENG,MF,20,1,0,1,0,0,0,0,0,0,0,Everton
Lewis Warrington,ENG,FW,20,1,0,1,0,0,0,0,0,0,0,Everton
Elijah Campbell,ENG,DF,18,0,0,0,0,0,0,0,0,0,0,Everton
William Crellin,ENG,GK,23,0,0,0,0,0,0,0,0,0,0,Everton
Mackenzie Hunt,ENG,DF,21,0,0,0,0,0,0,0,0,0,0,Everton
Andy Lonergan,IRL,GK,39,0,0,0,0,0,0,0,0,0,0,Everton
Jenson Metcalfe,ENG,MF,18,0,0,0,0,0,0,0,0,0,0,Everton
Joao Virga­nia,POR,GK,23,0,0,0,0,0,0,0,0,0,0,Everton
Mark Flekken,NED,GK,30,37,37,3285,0,1,0,3,0,0,0.5,Brentford
Vitaly Janelt,GER,"MF,DF",25,38,37,3054,1,3,0,8,0,1.8,4.8,Brentford
Christian Norgaard,DEN,MF,29,31,30,2505,2,1,0,8,0,3.5,1.9,Brentford
Nathan Collins,IRL,DF,22,32,29,2652,1,1,0,3,0,1.7,2.2,Brentford
Yoane Wissa,COD,FW,26,34,29,2493,12,3,0,7,0,10.6,3.9,Brentford
Ethan Pinnock,JAM,DF,30,29,28,2521,2,0,0,1,0,2,1,Brentford
Mathias Jensen,DEN,MF,27,32,27,2204,3,3,0,5,0,0.7,4,Brentford
Mads Roerslev,DEN,DF,24,34,22,1985,1,2,0,1,0,0.9,1.8,Brentford
Bryan Mbeumo,CMR,FW,23,25,22,1960,9,6,3,2,0,9.8,4.6,Brentford
Kristoffer Ajer,NOR,DF,25,28,21,1832,2,1,0,5,0,1.3,2.3,Brentford
Ivan Toney,ENG,FW,27,17,16,1450,4,2,0,5,0,6,1.5,Brentford
Keane Lewis-Potter,ENG,"FW,DF",22,30,15,1441,3,1,0,0,0,6.3,1.7,Brentford
Ben Mee,ENG,DF,33,16,15,1272,2,0,0,1,1,1.5,0.3,Brentford
Sergio Reguilon,ESP,DF,26,16,14,1118,0,4,0,4,1,0.8,2.8,Brentford
Neal Maupay,FRA,FW,26,29,13,1321,6,3,0,8,0,5.7,2.3,Brentford
Mathias Jorgensen,DEN,DF,33,14,12,1087,1,0,0,4,0,0.7,0.9,Brentford
Frank Onyeka,NGA,MF,25,26,11,1161,1,2,0,8,0,2.2,1.8,Brentford
Aaron Hickey,SCO,DF,21,9,9,713,0,0,0,5,0,0.2,0.1,Brentford
Mikkel Damsgaard,DEN,MF,23,23,7,842,0,2,0,2,0,0.9,1.4,Brentford
Saman Ghoddos,IRN,DF,29,19,7,739,1,0,0,5,0,0.3,1.1,Brentford
Yehor Yarmoliuk,UKR,MF,19,27,6,688,0,0,0,2,0,1,0.1,Brentford
Rico Henry,ENG,DF,26,5,5,401,0,1,0,1,0,0.1,1,Brentford
Kevin Schade,GER,"FW,MF",21,11,3,333,2,1,0,0,0,1.2,0.7,Brentford
Shandon Baptiste,GRN,MF,25,10,2,229,1,1,0,1,0,0.9,0.2,Brentford
Thomas Strakosha,ALB,GK,28,2,1,135,0,0,0,0,0,0,0,Brentford
Michael Olakigbe,ENG,"DF,FW",19,8,0,59,0,0,0,0,0,0.1,0,Brentford
Josh Dasilva,ENG,"DF,FW",24,3,0,24,0,0,0,0,0,0,0.2,Brentford
Myles Peart-Harris,ENG,"DF,MF",20,3,0,13,0,0,0,0,0,0,0,Brentford
Val Adedokun,IRL,FW,20,0,0,0,0,0,0,0,0,0,0,Brentford
Vincent Angelini,SCO,GK,19,0,0,0,0,0,0,0,0,0,0,Brentford
Benjamin Arthur,ENG,DF,17,0,0,0,0,0,0,0,0,0,0,Brentford
Ellery Balcombe,ENG,GK,23,0,0,0,0,0,0,0,0,0,0,Brentford
Ethan Brierley,ENG,MF,19,0,0,0,0,0,0,0,0,0,0,Brentford
Yunus Emre Konak,TUR,MF,17,0,0,0,0,0,0,0,0,0,0,Brentford
Benjamin Fredrick,NGA,DF,18,0,0,0,0,0,0,0,0,0,0,Brentford
Charlie Goode,ENG,DF,27,0,0,0,0,0,0,0,0,0,0,Brentford
Kim Jisoo,KOR,DF,18,0,0,0,0,0,0,0,0,0,0,Brentford
Haikon Rafn Valdimarsson,ISL,GK,21,0,0,0,0,0,0,0,0,0,0,Brentford
Ryan Trevitt,ENG,MF,20,0,0,0,0,0,0,0,0,0,0,Brentford
Morgan Gibbs-White,ENG,"MF,FW",23,37,35,3156,5,10,1,9,0,6.9,8.4,Nottingham-Forest
Murillo,BRA,DF,21,32,32,2789,0,2,0,5,0,1.8,1.2,Nottingham-Forest
Anthony Elanga,SWE,"FW,MF",21,36,25,2433,5,9,0,1,0,6.6,6.7,Nottingham-Forest
Ryan Yates,ENG,MF,25,35,21,1992,1,1,0,6,0,2.6,0.8,Nottingham-Forest
Callum Hudson-Odoi,ENG,"FW,MF",22,29,20,1854,8,1,0,0,0,2.7,2.8,Nottingham-Forest
Chris Wood,NZL,FW,31,31,20,1812,14,1,0,0,0,11.9,2.1,Nottingham-Forest
Danilo,BRA,MF,22,29,20,1792,2,2,0,4,0,1.8,1.5,Nottingham-Forest
Ola Aina,NGA,DF,26,22,20,1692,1,1,0,3,0,0.3,0.9,Nottingham-Forest
Orel Mangala,BEL,MF,25,20,19,1563,1,0,0,6,0,0.8,0.2,Nottingham-Forest
Nicolais Domanguez,ARG,"MF,FW",25,26,19,1495,2,2,0,4,0,1.3,1,Nottingham-Forest
Neco Williams,WAL,DF,22,26,18,1637,0,1,0,4,0,0.8,1.6,Nottingham-Forest
Willy Boly,CIV,DF,32,20,18,1438,2,1,0,3,1,1.5,1.3,Nottingham-Forest
Matt Turner,USA,GK,29,17,17,1530,0,0,0,2,0,0,0,Nottingham-Forest
Matz Sels,BEL,GK,31,16,16,1440,0,0,0,1,0,0,0.1,Nottingham-Forest
Moussa Niakhate,SEN,DF,27,21,15,1460,1,0,0,5,1,1.1,0.1,Nottingham-Forest
Harry Toffolo,ENG,DF,27,23,15,1459,1,3,0,3,0,1.6,1.5,Nottingham-Forest
Ibrahim Sangarac,CIV,MF,25,17,13,1035,0,0,0,6,0,0.6,0.4,Nottingham-Forest
Taiwo Awoniyi,NGA,FW,25,20,12,1042,6,3,0,2,0,4.7,1.7,Nottingham-Forest
Serge Aurier,CIV,"DF,MF",30,12,10,833,0,2,0,2,0,0.2,0.5,Nottingham-Forest
Gonzalo Montiel,ARG,DF,26,14,8,801,0,2,0,5,0,0.1,1.4,Nottingham-Forest
Andrew Omobamidele,IRL,DF,21,11,8,783,0,0,0,2,0,0.1,0.1,Nottingham-Forest
Divock Origi,BEL,FW,28,20,6,606,0,1,0,1,0,1.4,2.1,Nottingham-Forest
Nuno Tavares,POR,DF,23,8,5,457,0,0,0,2,0,0.2,0.5,Nottingham-Forest
Odisseas Vlachodimos,GRE,GK,29,5,5,450,0,0,0,0,0,0,0,Nottingham-Forest
Joe Worrall,ENG,DF,26,7,5,439,0,0,0,0,1,0.1,0.2,Nottingham-Forest
Scott McKenna,SCO,DF,26,5,5,416,0,0,0,0,0,0.2,0.2,Nottingham-Forest
Felipe,BRA,DF,34,7,4,375,0,0,0,4,0,0.1,0.1,Nottingham-Forest
Brennan Johnson,WAL,"FW,MF",22,3,3,237,0,0,0,0,0,0.3,0.2,Nottingham-Forest
Gio Reyna,USA,"FW,MF",20,9,2,235,0,1,0,0,0,0.3,0.5,Nottingham-Forest
Cheikhou Kouyate,SEN,MF,33,12,2,212,0,0,0,2,0,0.3,0,Nottingham-Forest
Rodrigo Ribeiro,POR,"MF,FW",18,4,0,17,0,0,0,0,0,0,0,Nottingham-Forest
Andrey Santos,BRA,MF,19,1,0,8,0,0,0,0,0,0.1,0,Nottingham-Forest
Brandon Aguilera,CRC,FW,20,1,0,5,0,0,0,0,0,0,0,Nottingham-Forest
Remo Freuler,SUI,MF,31,0,0,0,0,0,0,0,0,0,0,Nottingham-Forest
Joe Gardner,ENG,DF,18,0,0,0,0,0,0,0,0,0,0,Nottingham-Forest
Wayne Hennessey,WAL,GK,36,0,0,0,0,0,0,0,0,0,0,Nottingham-Forest
Ethan Horvath,USA,GK,28,0,0,0,0,0,0,0,0,0,0,Nottingham-Forest
Jamie McDonnell,NIR,MF,19,0,0,0,0,0,0,0,0,0,0,Nottingham-Forest
Lewis O'Brien,ENG,MF,24,0,0,0,0,0,0,0,0,0,0,Nottingham-Forest
Detlef Osong,ENG,FW,18,0,0,0,0,0,0,0,0,0,0,Nottingham-Forest
Hwang Ui-jo,KOR,"FW,MF",30,0,0,0,0,0,0,0,0,0,0,Nottingham-Forest
Thomas Kaminski,BEL,GK,30,38,38,3405,0,0,0,3,0,0,0,Luton-Town
Alfie Doughty,ENG,DF,23,37,34,2925,2,8,0,5,0,1.3,6.3,Luton-Town
Carlton Morris,ENG,"FW,MF",27,38,32,2862,11,4,5,4,0,11.4,2.8,Luton-Town
Ross Barkley,ENG,MF,29,32,30,2618,5,4,0,6,0,4.1,3.7,Luton-Town
Teden Mengi,ENG,DF,21,30,28,2469,1,0,0,3,0,0.6,0.3,Luton-Town
Gabriel Osho,NGA,DF,24,21,21,1846,2,0,0,3,0,1.1,0.1,Luton-Town
Issa Kabore,BFA,DF,22,24,21,1729,0,2,0,7,0,0.2,2.1,Luton-Town
Amari'i Bell,JAM,DF,29,21,21,1720,0,0,0,0,0,0.3,0.5,Luton-Town
Chiedozie Ogbene,IRL,"MF,DF",26,30,20,1995,4,1,0,1,0,4.2,3.1,Luton-Town
Tahith Chong,NED,"MF,FW",23,33,20,1982,4,0,0,4,0,2.7,0.5,Luton-Town
Reece Burke,ENG,DF,26,22,20,1660,0,4,0,5,0,1.3,1.4,Luton-Town
Elijah Adebayo,ENG,FW,25,27,16,1419,10,0,0,1,0,5.9,0.7,Luton-Town
Albert Sambi Lokonga,BEL,MF,23,17,16,1303,1,3,0,4,0,0.6,1.4,Luton-Town
Jordan Clark,ENG,MF,29,23,14,1304,1,1,0,4,0,1,1.3,Luton-Town
Andros Townsend,ENG,"MF,FW",32,27,14,1210,1,3,0,1,0,1.2,1.3,Luton-Town
Tom Lockyer,WAL,DF,28,14,14,1169,1,1,0,4,0,1.1,0.6,Luton-Town
Marvelous Nakamba,ZIM,MF,29,13,13,1130,0,0,0,5,0,0.2,0.4,Luton-Town
Jacob Brown,SCO,"MF,FW",25,19,12,1019,2,0,0,4,0,2.8,0.7,Luton-Town
Pelly Ruddock Mpanzu,COD,MF,30,27,11,1101,0,0,0,1,0,0.6,0.4,Luton-Town
Daiki Hashioka,JPN,DF,24,10,6,595,0,0,0,0,0,0.1,0.7,Luton-Town
Ryan John Giles,ENG,"DF,MF",23,11,5,503,0,0,0,0,0,0.1,0.2,Luton-Town
Fred Onyedinma,ENG,"DF,MF",26,8,4,407,0,0,0,1,0,0.2,0.1,Luton-Town
Mads Juel Andersen,DEN,DF,25,8,4,400,1,0,0,1,0,0.3,0,Luton-Town
Cauley Woodrow,ENG,"FW,MF",28,24,2,427,1,1,0,2,0,1.4,1.2,Luton-Town
Luke Berry,ENG,"MF,DF",31,17,2,323,2,1,0,1,0,1,0.3,Luton-Town
Joseph Johnson,ENG,DF,17,2,0,77,0,0,0,1,0,0,0,Luton-Town
James Shea,ENG,GK,32,1,0,15,0,0,0,0,0,0,0,Luton-Town
Zack Nelson,ENG,"MF,DF",18,2,0,7,0,0,0,0,0,0,0,Luton-Town
Allan Campbell,SCO,MF,25,0,0,0,0,0,0,0,0,0,0,Luton-Town
Christian Chigozie,ENG,DF,16,0,0,0,0,0,0,0,0,0,0,Luton-Town
Aidan Francis,ENG,MF,20,0,0,0,0,0,0,0,0,0,0,Luton-Town
Taylan Harris,ENG,FW,17,0,0,0,0,0,0,0,0,0,0,Luton-Town
Tim Krul,NED,GK,35,0,0,0,0,0,0,0,0,0,0,Luton-Town
Jayden Luker,ENG,MF,18,0,0,0,0,0,0,0,0,0,0,Luton-Town
Dominic Martins,POR,MF,17,0,0,0,0,0,0,0,0,0,0,Luton-Town
John Mcatee,ENG,"FW,MF",24,0,0,0,0,0,0,0,0,0,0,Luton-Town
Axel Piesold,ENG,MF,18,0,0,0,0,0,0,0,0,0,0,Luton-Town
Dan Potts,ENG,DF,29,0,0,0,0,0,0,0,0,0,0,Luton-Town
Sander Berge,NOR,MF,25,37,34,3005,1,2,0,10,1,1.9,2.4,Burnley
Dara O'Shea,IRL,DF,24,33,32,2892,3,4,0,5,1,0.7,2,Burnley
James Trafford,ENG,GK,20,28,28,2520,0,0,0,2,0,0,0,Burnley
Zeki Amdouni,SUI,FW,22,34,27,1953,5,1,1,2,0,5.8,1.4,Burnley
Vitinho,BRA,"DF,MF",24,32,26,2314,0,2,0,1,0,1.6,1.3,Burnley
Charlie Taylor,ENG,DF,29,28,25,2331,1,1,0,8,0,0.2,1.2,Burnley
Wilson Odobert,FRA,"MF,FW",18,29,25,2098,3,2,0,3,0,2.8,3.3,Burnley
Josh Brownhill,ENG,MF,27,33,23,2252,4,2,0,4,1,1.9,2.1,Burnley
Josh Cullen,IRL,MF,27,25,23,2057,2,3,0,9,0,0.6,1.8,Burnley
Lyle Foster,RSA,"FW,MF",22,24,22,1899,5,3,0,0,1,4.5,1.9,Burnley
Jacob Bruun Larsen,DEN,"MF,FW",24,32,16,1249,6,0,1,1,0,5,1.5,Burnley
Maxime Estave,FRA,DF,21,16,15,1309,0,0,0,6,0,0.3,0,Burnley
Lorenz Assignon,TOG,DF,23,15,15,1234,1,2,0,5,1,0.4,2.6,Burnley
Jordan Beyer,GER,DF,23,15,15,1234,0,1,0,6,0,0.5,0.3,Burnley
Luca Koleosho,ITA,"MF,FW",18,15,13,974,1,1,0,0,0,2,1.3,Burnley
Johann Berg Guo mundsson,ISL,"MF,FW",32,26,12,1192,1,3,0,2,0,1.9,2.7,Burnley
Ameen Al-Dakhil,BEL,DF,21,13,12,1056,1,0,0,1,0,1.3,0.1,Burnley
Arijanet Muric,KVX,GK,24,10,10,900,0,0,0,0,0,0,0.2,Burnley
David Datro Fofana,CIV,FW,20,15,10,879,4,1,0,1,0,4.5,1.8,Burnley
Connor Roberts,WAL,DF,27,14,8,823,0,1,0,5,1,0,0.2,Burnley
Jay Rodriguez,ENG,FW,34,21,7,822,2,1,1,0,0,3.5,0.2,Burnley
Hannes Delcroix,BEL,DF,24,12,5,589,0,0,0,2,0,0.4,0.2,Burnley
Aaron Ramsey,ENG,"MF,FW",20,14,5,527,0,0,0,1,0,0.3,0.4,Burnley
Hjalmar Ekdal,SWE,DF,24,8,5,437,0,0,0,2,0,0.1,0.1,Burnley
Mike Traesor,BEL,"FW,MF",24,16,3,420,0,0,0,0,0,0.5,0.4,Burnley
Anass Zaroury,MAR,"FW,MF",22,6,1,152,0,0,0,0,1,0.2,0,Burnley
Benson Manuel,BEL,"MF,FW",26,8,1,116,0,0,0,0,0,0.1,0,Burnley
Nathan Redmond,ENG,"FW,MF",29,12,0,142,0,0,0,1,0,0,0.3,Burnley
Jack Cork,ENG,MF,34,4,0,27,0,0,0,0,0,0,0,Burnley
Michael Obafemi,IRL,"FW,MF",23,2,0,20,0,0,0,0,0,0.1,0,Burnley
Han-Noah Massengo,FRA,"MF,DF",22,3,0,16,0,0,0,0,0,0,0,Burnley
CJ Egan-Riley,ENG,DF,20,0,0,0,0,0,0,0,0,0,0,Burnley
Lawrence Vigouroux,CHI,GK,29,0,0,0,0,0,0,0,0,0,0,Burnley
Gustavo Hamer,NED,MF,26,36,34,2910,4,6,0,9,0,3,6.1,Sheffield-United
Jayden Bogle,ENG,DF,23,34,32,2788,3,0,0,9,0,2.3,1,Sheffield-United
Jack Robinson,ENG,DF,29,34,31,2885,1,1,0,10,0,1.2,1.2,Sheffield-United
Vinicius Souza,BRA,MF,24,36,29,2668,1,0,0,3,0,0.6,0.2,Sheffield-United
Anel Ahmedhodat,BIH,DF,24,31,29,2649,2,0,0,11,1,3.1,0.8,Sheffield-United
Wes Foderingham,ENG,GK,32,30,29,2649,0,0,0,2,0,0,0.1,Sheffield-United
Auston Trusty,USA,DF,24,32,28,2572,0,0,0,4,0,0.4,1.1,Sheffield-United
Cameron Archer,ENG,"FW,MF",22,29,21,1832,4,1,0,1,0,5.5,2.8,Sheffield-United
James Mcatee,ENG,"MF,FW",20,30,20,1822,3,3,1,2,0,3.1,2.9,Sheffield-United
Oliver Norwood,NIR,MF,32,27,16,1440,1,0,1,8,0,1.1,0.6,Sheffield-United
Oliver McBurnie,SCO,FW,27,21,15,1280,6,3,2,7,2,6.9,2,Sheffield-United
Ben Osborn,ENG,"DF,MF",28,24,14,1367,0,2,0,3,0,0.2,0.9,Sheffield-United
Ben Brereton,CHI,"FW,MF",24,14,14,1105,6,1,1,3,0,6.1,1.5,Sheffield-United
Andre Brooks,ENG,"MF,DF",19,20,12,938,0,0,0,1,0,0.4,0.1,Sheffield-United
George Baldock,GRE,DF,30,13,11,969,0,1,0,4,0,0,0.8,Sheffield-United
Oliver Arblaster,ENG,MF,19,12,11,943,0,0,0,2,0,0,0.7,Sheffield-United
Luke Thomas,ENG,DF,22,12,11,917,0,0,0,3,0,0.5,0.1,Sheffield-United
William Osula,DEN,FW,19,21,9,786,0,0,0,4,0,1.6,0.1,Sheffield-United
Ivo Grbiat,CRO,GK,27,9,9,771,0,0,0,1,0,0,0,Sheffield-United
Mason Holgate,ENG,DF,26,10,9,710,0,0,0,3,1,0.6,0.4,Sheffield-United
Yasser Larouci,ALG,DF,22,11,6,531,0,0,0,1,0,0.2,0.3,Sheffield-United
John Egan,IRL,DF,30,6,6,482,0,0,0,2,0,0.2,0,Sheffield-United
Max Lowe,ENG,"DF,MF",26,10,4,503,0,0,0,1,0,0.6,0.7,Sheffield-United
Anis Ben Slimane,TUN,MF,22,15,4,419,0,0,0,2,0,0.8,0.3,Sheffield-United
Benie Adama Traore,CIV,"FW,MF",20,8,3,387,0,0,0,0,0,0.3,0.5,Sheffield-United
Rhian Brewster,ENG,"FW,MF",23,13,3,346,0,0,0,0,1,0.4,0.1,Sheffield-United
Chris Basham,ENG,"DF,MF",35,8,3,321,0,0,0,1,0,0.1,0.3,Sheffield-United
Tom Davies,ENG,MF,25,9,2,221,0,0,0,2,0,0.4,0.1,Sheffield-United
Rhys Norrington-Davies,WAL,DF,24,5,2,110,0,0,0,1,0,0,0,Sheffield-United
John Fleck,SCO,"MF,DF",31,4,1,92,0,0,0,1,0,0,0.4,Sheffield-United
Sam Curtis,IRL,DF,17,1,0,28,0,0,0,0,0,0,0,Sheffield-United
Daniel Jebbison,ENG,FW,19,1,0,21,0,0,0,0,0,0,0,Sheffield-United
Antwoine Hackford,ENG,FW,19,2,0,13,0,0,0,0,0,0,0,Sheffield-United
Sydie Peck,ENG,MF,18,1,0,10,0,0,0,0,0,0,0,Sheffield-United
Ryan One,SCO,FW,17,1,0,8,0,0,0,0,0,0,0,Sheffield-United
Jordan Amissah,GHA,GK,21,0,0,0,0,0,0,0,0,0,0,Sheffield-United
Billy Blacker,ENG,FW,17,0,0,0,0,0,0,0,0,0,0,Sheffield-United
Jili Buyabu,ENG,MF,21,0,0,0,0,0,0,0,0,0,0,Sheffield-United
Ismaila Cheick Coulibaly,MLI,MF,22,0,0,0,0,0,0,0,0,0,0,Sheffield-United
Adam Davies,WAL,GK,31,0,0,0,0,0,0,0,0,0,0,Sheffield-United
Owen Hampson,ENG,MF,18,0,0,0,0,0,0,0,0,0,0,Sheffield-United
Louie Marsh,ENG,FW,19,0,0,0,0,0,0,0,0,0,0,Sheffield-United
Dovydas Sasnauskas,0,DF,0,0,0,0,0,0,0,0,0,0,0,Sheffield-United
Femi Seriki,ENG,DF,21,0,0,0,0,0,0,0,0,0,0,Sheffield-United
